PLRbcQXWEJAJpVlnuqiqqZ27FmWlxka62l,YT_classical_mix,private
PLRbcQXWEJAJpxUEekZez2CrHBKOnjlE_z,YT_ret_synth_mix,private
PLRbcQXWEJAJpUF_9RyWCgnoGe2QJmwU2_,YT_game_mix,private
PLRbcQXWEJAJoEUghv3ysg2T7y-lAecGdj,YT_coding_music,private
PLRbcQXWEJAJqfTxt-lSozQ4Ac9flGEDUE,VM_classical,public
PLRbcQXWEJAJrLvv1B-2swYmerbIGZJ898,VM_spoken_word,public
PLRbcQXWEJAJpTW-d0IKRG0rNLBcWrilHK,VM_jazz,public
PLRbcQXWEJAJppzMoxnxG03gmvrG_SANrw,VM_folk,public
PLRbcQXWEJAJoOyVPH6KCWmk8PzrhlWlN6,YT_synth_techno,private
PLRbcQXWEJAJr5Ws9j610IEFmpmSTMwCnQ,YT_chill_indie,private
